City_ID,City,Country,Date,Lat,Lng,Max Temp,Humidity,Cloudiness,Wind Speed
0,Kamaishi,JP,2022-03-08 20:33:17,39.2667,141.8833,274.62,61,60,1.54
1,Vardo,NO,2022-03-08 20:33:17,70.3705,31.1107,273.01,86,0,9.26
2,Ledyard,US,2022-03-08 20:33:18,41.4398,-72.0142,280.54,31,0,7.72
3,Guerrero Negro,MX,2022-03-08 20:33:18,27.9769,-114.0611,294.61,20,0,5.37
4,Olavarria,AR,2022-03-08 20:33:19,-36.8927,-60.3225,299.27,43,0,5.24
5,Tommot,RU,2022-03-08 20:33:19,58.9564,126.2925,248.02,100,99,0.92
6,Biankouma,CI,2022-03-08 20:33:19,7.7391,-7.6138,298.55,34,40,1.38
7,Nikolskoye,RU,2022-03-08 20:32:21,59.7035,30.7861,263.09,98,34,1.38
8,Ponta Do Sol,PT,2022-03-08 20:33:20,32.6667,-17.1,289.1,73,100,0.76
9,Avarua,CK,2022-03-08 20:33:21,-21.2078,-159.775,301.18,83,75,5.14
10,General Pico,AR,2022-03-08 20:33:21,-35.6566,-63.7568,303.22,22,0,6.46
11,Mataura,NZ,2022-03-08 20:33:22,-46.1927,168.8643,285.64,87,97,0.88
12,Atuona,PF,2022-03-08 20:29:24,-9.8,-139.0333,298.99,75,6,6.39
13,Lebu,CL,2022-03-08 20:33:22,-37.6167,-73.65,288.72,95,98,3.95
14,Busselton,AU,2022-03-08 20:33:23,-33.65,115.3333,292.06,66,53,5.0
15,Albany,US,2022-03-08 20:29:05,42.6001,-73.9662,278.17,39,46,2.24
16,Vaini,TO,2022-03-08 20:33:23,-21.2,-175.2,300.24,89,75,3.09
17,Chapais,CA,2022-03-08 20:32:47,49.7834,-74.8492,264.03,81,100,4.18
18,Buenos Aires,AR,2022-03-08 20:30:33,-34.6132,-58.3772,300.36,45,0,3.09
19,Tiksi,RU,2022-03-08 20:33:24,71.6872,128.8694,240.41,100,52,0.69
20,Punta Arenas,CL,2022-03-08 20:33:11,-53.15,-70.9167,281.21,81,100,7.2
21,Bilibino,RU,2022-03-08 20:33:25,68.0546,166.4372,254.26,95,91,1.95
22,Uribia,CO,2022-03-08 20:33:25,11.7139,-72.266,304.97,39,2,7.97
23,Kaoma,ZM,2022-03-08 20:33:26,-14.7833,24.8,292.42,97,100,1.87
24,Zhigansk,RU,2022-03-08 20:33:26,66.7697,123.3711,244.3,98,29,4.64
25,Jamestown,US,2022-03-08 20:33:26,42.097,-79.2353,275.94,39,0,2.57
26,Rikitea,PF,2022-03-08 20:33:27,-23.1203,-134.9692,299.16,72,96,3.26
27,Butaritari,KI,2022-03-08 20:33:28,3.0707,172.7902,300.6,76,99,6.68
28,Marawi,PH,2022-03-08 20:33:28,7.9986,124.2928,292.95,96,100,0.29
29,Changli,CN,2022-03-08 20:33:28,39.7042,119.1506,277.31,57,9,2.62
30,Georgetown,MY,2022-03-08 20:33:29,5.4112,100.3354,298.12,99,40,0.0
31,Lianran,CN,2022-03-08 20:33:29,24.9227,102.485,285.45,92,0,1.56
32,Saint George,US,2022-03-08 20:30:22,37.1041,-113.5841,285.81,22,0,1.54
33,Oda,JP,2022-03-08 20:33:30,35.1833,132.5,278.12,64,16,2.84
34,Yellowknife,CA,2022-03-08 20:33:30,62.456,-114.3525,257.27,72,20,7.6
35,Thompson,CA,2022-03-08 20:30:44,55.7435,-97.8558,257.24,60,100,7.2
36,Tripoli,LY,2022-03-08 20:31:49,32.8752,13.1875,286.62,58,57,6.06
37,Port Hardy,CA,2022-03-08 20:30:09,50.6996,-127.4199,282.15,81,75,3.09
38,Kozhva,RU,2022-03-08 20:33:31,65.1073,57.0459,251.92,99,95,2.07
39,Katsuura,JP,2022-03-08 20:33:32,35.1333,140.3,278.81,74,37,5.91
40,Margate,GB,2022-03-08 20:30:51,51.3813,1.3862,282.53,70,8,1.34
41,Dikson,RU,2022-03-08 20:33:32,73.5069,80.5464,239.76,100,82,3.22
42,Surovikino,RU,2022-03-08 20:33:33,48.6078,42.8486,271.56,99,100,1.71
43,Cairns,AU,2022-03-08 20:30:31,-16.9167,145.7667,300.96,93,100,1.03
44,Arraial Do Cabo,BR,2022-03-08 20:33:33,-22.9661,-42.0278,301.13,65,0,10.29
45,Viedma,AR,2022-03-08 20:34:34,-40.8135,-62.9967,304.93,15,40,11.17
46,Severo-Kurilsk,RU,2022-03-08 20:34:34,50.6789,156.125,272.59,89,63,3.59
47,Kapaa,US,2022-03-08 20:34:04,22.0752,-159.319,297.66,76,40,5.66
48,Ordynskoye,RU,2022-03-08 20:34:35,54.3656,81.8994,257.26,93,100,5.21
49,Shache,CN,2022-03-08 20:34:36,38.4167,77.2406,285.21,28,33,1.28
50,Fortuna,US,2022-03-08 20:34:36,40.5982,-124.1573,292.7,66,0,7.2
51,Ilulissat,GL,2022-03-08 20:34:36,69.2167,-51.1,260.16,47,20,3.6
52,Ancud,CL,2022-03-08 20:34:38,-41.8697,-73.8203,286.89,62,5,8.45
53,Bluff,NZ,2022-03-08 20:34:38,-46.6,168.3333,285.82,93,100,5.12
54,Leningradskiy,RU,2022-03-08 20:34:39,69.3833,178.4167,254.98,94,31,1.14
55,Yar-Sale,RU,2022-03-08 20:34:41,66.8333,70.8333,244.71,96,49,5.01
56,Huntsville,US,2022-03-08 20:30:07,34.7304,-86.5861,285.89,65,100,3.58
57,Donskoy,RU,2022-03-08 20:34:42,53.9711,38.3363,266.06,94,99,4.84
58,Iqaluit,CA,2022-03-08 20:34:42,63.7506,-68.5145,253.0,59,40,6.17
59,Rio Gallegos,AR,2022-03-08 20:34:43,-51.6226,-69.2181,282.18,87,100,10.29
60,Kiruna,SE,2022-03-08 20:34:43,67.8557,20.2251,262.66,85,94,2.06
61,Cape Town,ZA,2022-03-08 20:34:43,-33.9258,18.4232,294.38,70,0,4.63
62,Awjilah,LY,2022-03-08 20:34:44,29.1081,21.2869,287.07,80,0,5.89
63,Baruun-Urt,MN,2022-03-08 20:34:44,46.6806,113.2792,269.87,70,90,2.98
64,Poum,NC,2022-03-08 20:34:44,-20.2333,164.0167,300.3,73,2,2.23
65,Prince Rupert,CA,2022-03-08 20:34:45,54.3161,-130.3201,280.2,81,0,2.06
66,Hermanus,ZA,2022-03-08 20:34:45,-34.4187,19.2345,294.71,88,8,6.9
67,Hobart,AU,2022-03-08 20:33:28,-42.8794,147.3294,280.07,87,20,3.09
68,Kabalo,CD,2022-03-08 20:34:46,-6.05,26.9167,295.52,92,97,0.85
69,Pangnirtung,CA,2022-03-08 20:34:46,66.1451,-65.7125,255.15,78,100,3.6
70,Ushuaia,AR,2022-03-08 20:32:21,-54.8,-68.3,284.96,76,75,6.17
71,Tabou,CI,2022-03-08 20:34:47,4.423,-7.3528,299.68,87,100,1.75
72,Namibe,AO,2022-03-08 20:34:47,-15.1961,12.1522,296.25,73,100,3.16
73,Aktau,KZ,2022-03-08 20:34:48,43.65,51.2,279.47,86,13,3.27
74,Puerto Baquerizo Moreno,EC,2022-03-08 20:34:48,-0.9,-89.6,300.7,78,20,5.14
75,Alexandria,EG,2022-03-08 20:30:18,31.2156,29.9553,288.13,82,40,5.66
76,Ambon,ID,2022-03-08 20:34:49,-3.6954,128.1814,297.23,94,40,1.54
77,Mar Del Plata,AR,2022-03-08 20:31:38,-38.0023,-57.5575,295.16,83,0,8.05
78,Qaanaaq,GL,2022-03-08 20:34:50,77.484,-69.3632,254.02,70,68,3.63
79,Mandalgovi,MN,2022-03-08 20:34:50,45.7625,106.2708,273.0,38,17,3.5
80,East London,ZA,2022-03-08 20:34:51,-33.0153,27.9116,295.52,72,99,2.12
81,Asau,RO,2022-03-08 20:34:51,46.4333,26.4,272.46,94,71,1.42
82,San Ramon,US,2022-03-08 20:34:51,37.7799,-121.978,295.68,30,0,4.63
83,Bara,NG,2022-03-08 20:34:52,10.3744,10.7288,303.03,14,98,1.79
84,Pevek,RU,2022-03-08 20:33:07,69.7008,170.3133,249.35,100,70,0.74
85,Haines Junction,CA,2022-03-08 20:35:52,60.7522,-137.5108,261.12,56,82,1.03
86,Cabo San Lucas,MX,2022-03-08 20:31:56,22.8909,-109.9124,300.16,47,0,4.63
87,Islamkot,PK,2022-03-08 20:35:53,24.6997,70.177,297.35,22,0,4.8
88,Bredasdorp,ZA,2022-03-08 20:35:44,-34.5322,20.0403,294.42,83,45,5.66
89,Mount Gambier,AU,2022-03-08 20:34:54,-37.8333,140.7667,287.1,77,100,7.72
90,Tasiilaq,GL,2022-03-08 20:33:14,65.6145,-37.6368,265.24,58,100,3.45
91,Port-Gentil,GA,2022-03-08 20:35:54,-0.7193,8.7815,301.15,79,99,3.58
92,Dzilam Gonzalez,MX,2022-03-08 20:35:54,21.2833,-88.9333,307.24,39,61,3.67
93,New Norfolk,AU,2022-03-08 20:35:55,-42.7826,147.0587,279.87,73,0,0.67
94,Puerto Ayora,EC,2022-03-08 20:31:17,-0.7393,-90.3518,303.13,74,72,0.51
95,Lorengau,PG,2022-03-08 20:35:54,-2.0226,147.2712,299.95,77,100,1.02
96,Saskylakh,RU,2022-03-08 20:35:56,71.9167,114.0833,239.45,100,79,2.38
97,Pacific Grove,US,2022-03-08 20:32:37,36.6177,-121.9166,296.82,46,0,2.57
98,San Andres,CO,2022-03-08 20:35:56,12.5847,-81.7006,302.16,65,20,5.14
99,Kiunga,PG,2022-03-08 20:35:57,-6.1219,141.2906,295.33,100,100,0.61
100,Ulladulla,AU,2022-03-08 20:35:57,-35.35,150.4667,292.09,78,100,11.92
101,Kloulklubed,PW,2022-03-08 20:35:57,7.0419,134.2556,297.43,79,60,3.24
102,Tombouctou,ML,2022-03-08 20:35:58,20.0,-3.0,294.1,12,36,4.72
103,Weyburn,CA,2022-03-08 20:35:58,49.6668,-103.8511,260.27,78,100,12.35
104,Port Alfred,ZA,2022-03-08 20:34:50,-33.5906,26.891,295.44,73,79,4.51
105,Muroto,JP,2022-03-08 20:35:59,33.2833,134.15,283.11,60,66,1.65
106,Vrangel,RU,2022-03-08 20:31:23,42.7297,133.0839,273.2,64,0,2.61
107,Smithers,CA,2022-03-08 20:34:23,54.7804,-127.1743,274.33,47,40,0.0
108,Kalundborg,DK,2022-03-08 20:36:00,55.6795,11.0886,273.2,68,99,1.79
109,Hualmay,PE,2022-03-08 20:36:00,-11.0964,-77.6139,298.61,67,73,4.39
110,Sao Joao Da Barra,BR,2022-03-08 20:36:00,-21.6403,-41.0511,302.2,81,9,5.5
111,Hithadhoo,MV,2022-03-08 20:35:45,-0.6,73.0833,301.38,68,100,4.26
112,Castro,BR,2022-03-08 20:36:01,-24.7911,-50.0119,293.8,93,86,0.6
113,Hilo,US,2022-03-08 20:36:01,19.7297,-155.09,300.0,63,0,4.12
114,Hofn,IS,2022-03-08 20:36:02,64.2539,-15.2082,278.56,82,100,9.53
115,Harrai,IN,2022-03-08 20:36:03,22.6167,79.2167,294.38,28,27,0.43
116,Grand Gaube,MU,2022-03-08 20:35:55,-20.0064,57.6608,298.37,88,83,0.89
117,College,US,2022-03-08 20:34:46,64.8569,-147.8028,268.96,66,75,0.0
118,Shimoda,JP,2022-03-08 20:36:04,34.6667,138.95,278.76,80,85,5.7
119,Katobu,ID,2022-03-08 20:36:04,-4.9408,122.5276,296.88,94,91,0.43
120,Talnakh,RU,2022-03-08 20:34:19,69.4865,88.3972,239.29,94,100,1.8
121,Lacey,US,2022-03-08 20:36:05,47.0343,-122.8232,282.13,92,100,2.06
122,Karpathos,GR,2022-03-08 20:36:05,35.507,27.2132,286.13,82,100,1.54
123,Victoria,HK,2022-03-08 20:32:40,22.2855,114.1577,289.44,71,2,5.81
124,Rajbiraj,NP,2022-03-08 20:36:06,26.5333,86.75,293.82,39,45,3.32
125,Itimadpur,IN,2022-03-08 20:36:06,27.25,78.2,293.06,32,12,2.54
126,Port Elizabeth,ZA,2022-03-08 20:34:17,-33.918,25.5701,294.32,83,75,2.57
127,Puerto Gaitan,CO,2022-03-08 20:35:01,4.3133,-72.0816,306.99,34,100,4.37
128,Narsaq,GL,2022-03-08 20:36:07,60.9167,-46.05,261.27,74,2,2.85
129,Olafsvik,IS,2022-03-08 20:36:08,64.8945,-23.7142,277.72,80,100,10.14
130,Cururupu,BR,2022-03-08 20:36:08,-1.8283,-44.8683,298.06,91,20,2.17
131,Huarmey,PE,2022-03-08 20:36:08,-10.0681,-78.1522,298.78,69,37,3.98
132,Montepuez,MZ,2022-03-08 20:37:09,-13.1256,38.9997,293.96,98,100,1.39
133,Sovetskiy,RU,2022-03-08 20:37:10,61.3614,63.5842,246.23,99,29,0.5
134,Tarbagatay,RU,2022-03-08 20:37:10,51.4803,107.3602,260.89,100,100,1.72
135,Ayan,RU,2022-03-08 20:37:10,56.45,138.1667,258.42,84,13,3.42
136,Hasaki,JP,2022-03-08 20:37:11,35.7333,140.8333,274.42,62,32,7.12
137,Ternate,ID,2022-03-08 20:37:11,0.8,127.4,300.42,77,100,2.14
138,High Level,CA,2022-03-08 20:37:12,58.5169,-117.136,261.21,67,75,3.6
139,Lagoa,PT,2022-03-08 20:33:13,39.05,-27.9833,288.34,81,52,10.23
140,Impfondo,CG,2022-03-08 20:37:12,1.6381,18.0667,298.27,72,100,1.51
141,Bressuire,FR,2022-03-08 20:37:13,46.9167,-0.5,281.14,97,85,4.53
142,Agadir,MA,2022-03-08 20:37:13,30.4202,-9.5982,288.4,80,37,3.02
143,Yankton,US,2022-03-08 20:37:14,42.8711,-97.3973,273.77,80,100,8.75
144,Kavieng,PG,2022-03-08 20:37:14,-2.5744,150.7967,300.8,79,86,6.63
145,Tungor,RU,2022-03-08 20:37:14,53.3808,142.9564,254.6,100,97,3.77
146,Kodiak,US,2022-03-08 20:34:58,57.79,-152.4072,277.88,93,100,4.63
147,Codrington,AU,2022-03-08 20:37:15,-38.2667,141.9667,288.57,82,89,6.45
148,Tuatapere,NZ,2022-03-08 20:37:16,-46.1333,167.6833,285.83,91,100,1.73
149,Cabedelo,BR,2022-03-08 20:35:09,-6.9811,-34.8339,302.52,70,30,4.94
150,Kieta,PG,2022-03-08 20:37:16,-6.2167,155.6333,299.96,80,89,0.19
151,Faanui,PF,2022-03-08 20:37:17,-16.4833,-151.75,300.63,73,77,5.68
152,Cocorit,MX,2022-03-08 20:37:17,27.5833,-109.9667,295.34,9,0,6.18
153,Airai,TL,2022-03-08 20:35:48,-8.9266,125.4092,288.49,94,100,1.08
154,Kaitangata,NZ,2022-03-08 20:34:42,-46.2817,169.8464,285.79,91,100,1.73
155,Luena,AO,2022-03-08 20:37:18,-11.7833,19.9167,291.09,94,100,1.29
156,Isangel,VU,2022-03-08 20:37:18,-19.55,169.2667,300.94,78,54,2.54
157,Santa Cruz,BO,2022-03-08 20:37:19,-17.8,-63.1667,298.18,83,75,4.12
158,Lompoc,US,2022-03-08 20:35:25,34.6391,-120.4579,295.94,38,0,7.2
159,Cherskiy,RU,2022-03-08 20:37:19,68.75,161.3,253.57,93,100,0.54
160,Angren,UZ,2022-03-08 20:37:20,41.0167,70.1436,280.25,91,100,2.17
161,Harnosand,SE,2022-03-08 20:37:20,62.6323,17.9379,273.15,96,17,2.71
162,Hirara,JP,2022-03-08 20:37:20,24.8,125.2833,292.06,54,54,4.57
163,Longyearbyen,SJ,2022-03-08 20:34:36,78.2186,15.6401,269.06,80,75,4.12
164,Alekseyevsk,RU,2022-03-08 20:37:21,57.8406,108.3492,265.76,99,100,0.77
165,Contai,IN,2022-03-08 20:37:21,21.7786,87.7536,294.88,64,0,3.23
166,Tuktoyaktuk,CA,2022-03-08 20:35:57,69.4541,-133.0374,253.15,84,75,1.54
167,Bodden Town,KY,2022-03-08 20:37:22,19.2833,-81.25,304.15,67,20,4.12
168,Iberia,US,2022-03-08 20:37:22,29.9502,-91.7507,290.14,72,100,3.6
169,Bonthe,SL,2022-03-08 20:37:23,7.5264,-12.505,299.06,80,49,4.14
170,Barrow,US,2022-03-08 20:37:23,71.2906,-156.7887,256.16,78,100,10.29
171,Pemangkat,ID,2022-03-08 20:37:23,1.1667,108.9667,297.59,92,65,2.52
172,Basoko,CD,2022-03-08 20:37:24,1.2391,23.616,297.82,77,83,0.99
173,Togitsu,JP,2022-03-08 20:37:24,32.8333,129.85,279.81,75,18,1.03
174,Hami,CN,2022-03-08 20:35:46,42.8,93.45,279.74,42,17,3.82
175,Safaga,EG,2022-03-08 20:37:25,26.7292,33.9365,295.12,60,100,2.76
176,Deming,US,2022-03-08 20:37:25,32.2687,-107.7586,286.62,22,0,5.14
177,Saldanha,ZA,2022-03-08 20:37:26,-33.0117,17.9442,295.18,87,0,3.63
178,Kefamenanu,ID,2022-03-08 20:38:26,-9.4467,124.4781,294.77,93,100,0.88
179,Cayenne,GF,2022-03-08 20:38:27,4.9333,-52.3333,299.31,89,75,4.12
180,Buckeye,US,2022-03-08 20:38:28,33.3703,-112.5838,292.97,15,0,1.52
181,Kokopo,PG,2022-03-08 20:38:28,-4.352,152.2633,298.65,81,69,1.38
182,Clyde River,CA,2022-03-08 20:37:04,70.4692,-68.5914,251.28,77,100,7.2
183,La Ronge,CA,2022-03-08 20:38:29,55.1001,-105.2842,261.27,47,75,8.75
184,Aklavik,CA,2022-03-08 20:38:29,68.2191,-135.0107,257.61,85,20,4.12
185,Torbay,CA,2022-03-08 20:38:29,47.6666,-52.7314,276.8,91,100,16.98
186,Shirokiy,RU,2022-03-08 20:38:30,49.758,129.523,258.75,100,94,0.92
187,Ust-Ishim,RU,2022-03-08 20:38:30,57.6935,71.1665,243.39,100,33,1.38
188,Carnarvon,AU,2022-03-08 20:34:28,-24.8667,113.6333,297.19,60,0,3.6
189,Chokurdakh,RU,2022-03-08 20:38:31,70.6333,147.9167,239.08,100,100,0.38
190,Padang,ID,2022-03-08 20:35:11,-0.9492,100.3543,298.65,86,99,1.49
191,Te Anau,NZ,2022-03-08 20:38:31,-45.4167,167.7167,289.42,76,34,0.58
192,Saint-Philippe,RE,2022-03-08 20:38:32,-21.3585,55.7679,298.92,84,58,4.66
193,Luhyny,UA,2022-03-08 20:38:32,51.082,28.4006,268.61,72,9,3.57
194,Kavaratti,IN,2022-03-08 20:38:33,10.5669,72.642,300.75,69,3,2.34
195,Brusciano,IT,2022-03-08 20:38:33,40.9232,14.4239,280.75,47,0,3.09
196,Kamenka,RU,2022-03-08 20:38:34,51.3223,42.7678,265.79,97,99,2.04
197,Lamar,US,2022-03-08 20:38:34,33.6668,-95.5836,278.51,75,100,3.6
198,Waingapu,ID,2022-03-08 20:38:34,-9.6567,120.2641,298.83,80,90,2.15
199,Petrinja,HR,2022-03-08 20:38:35,45.4375,16.29,275.44,67,7,1.56
200,Ngunguru,NZ,2022-03-08 20:38:35,-35.6167,174.5,292.13,78,100,5.58
201,Mehamn,NO,2022-03-08 20:38:36,71.0357,27.8492,275.25,75,40,8.75
202,Ambilobe,MG,2022-03-08 20:36:45,-13.2,49.05,296.88,96,100,0.25
203,Avera,US,2022-03-08 20:38:36,33.194,-82.5271,294.88,50,100,1.02
204,San Juan,AR,2022-03-08 20:37:13,-31.5375,-68.5364,306.08,27,0,4.11
205,Russell,US,2022-03-08 20:38:37,32.3502,-85.1999,290.75,85,100,2.06
206,Hay River,CA,2022-03-08 20:38:37,60.8156,-115.7999,257.14,66,40,7.2
207,Carutapera,BR,2022-03-08 20:38:38,-1.195,-46.02,298.05,91,100,3.26
208,Rovaniemi,FI,2022-03-08 20:38:31,66.5,25.7167,266.82,93,100,2.06
209,Matoury,GF,2022-03-08 20:38:38,4.8483,-52.3317,299.27,83,75,4.12
210,Borgarnes,IS,2022-03-08 20:38:39,64.5383,-21.9206,279.15,90,92,3.22
211,Bethel,US,2022-03-08 20:35:09,41.3712,-73.414,280.67,42,47,0.45
212,San Cristobal,VE,2022-03-08 20:38:39,7.7669,-72.225,297.25,60,68,2.27
213,Eyl,SO,2022-03-08 20:38:41,7.9803,49.8164,297.45,69,71,5.51
214,Jiuquan,CN,2022-03-08 20:38:41,39.7432,98.5174,279.32,27,100,2.18
215,Suntar,RU,2022-03-08 20:38:42,62.1444,117.6319,251.16,97,99,2.18
216,Port Lincoln,AU,2022-03-08 20:38:42,-34.7333,135.8667,288.6,68,11,7.97
217,Klaksvik,FO,2022-03-08 20:38:42,62.2266,-6.589,279.66,82,60,17.93
218,Geraldton,AU,2022-03-08 20:38:43,-28.7667,114.6,297.38,38,14,3.6
219,Nanortalik,GL,2022-03-08 20:37:07,60.1432,-45.2371,264.39,72,5,3.7
220,Nouadhibou,MR,2022-03-08 20:39:44,20.931,-17.0347,291.14,77,100,8.75
221,Tagusao,PH,2022-03-08 20:39:44,9.1924,117.8141,299.02,87,99,5.0
222,Ekhabi,RU,2022-03-08 20:39:44,53.5102,142.9671,254.36,100,99,3.95
223,Upernavik,GL,2022-03-08 20:39:45,72.7868,-56.1549,252.66,92,85,2.45
224,Tautira,PF,2022-03-08 20:39:45,-17.7333,-149.15,302.04,75,84,5.48
225,Morro Bay,US,2022-03-08 20:39:45,35.3658,-120.8499,295.6,29,0,3.31
226,Mongo,TD,2022-03-08 20:39:46,12.1844,18.693,304.83,10,78,1.61
227,Watrous,CA,2022-03-08 20:39:46,51.6668,-105.4679,261.03,79,100,8.75
228,Kautokeino,NO,2022-03-08 20:39:47,69.0125,23.0412,257.09,98,100,1.47
229,Darhan,MN,2022-03-08 20:39:47,49.4867,105.9228,267.34,82,61,4.19
230,Garden City,US,2022-03-08 20:38:33,42.3256,-83.331,278.09,52,75,7.2
231,Turukhansk,RU,2022-03-08 20:39:48,65.8167,87.9833,258.25,97,100,1.34
232,Amapa,BR,2022-03-08 20:37:40,1.0,-52.0,298.04,87,77,1.95
233,Lavrentiya,RU,2022-03-08 20:35:01,65.5833,-171.0,259.27,84,2,2.43
234,Bowen,AU,2022-03-08 20:39:48,-20.0167,148.2333,300.27,86,8,4.42
235,Yongan,CN,2022-03-08 20:39:49,39.6957,113.6871,277.85,39,99,3.24
236,Abu Dhabi,AE,2022-03-08 20:39:41,24.4667,54.3667,302.21,32,0,3.09
237,Pisco,PE,2022-03-08 20:39:49,-13.7,-76.2167,301.18,54,20,6.69
238,Kyra,RU,2022-03-08 20:39:50,49.5776,111.9753,263.72,95,54,2.2
239,Scarborough,GB,2022-03-08 20:37:48,54.2797,-0.4044,280.42,81,32,2.68
240,Inhambane,MZ,2022-03-08 20:39:39,-23.865,35.3833,296.92,78,14,3.05
241,Maceio,BR,2022-03-08 20:39:51,-9.6658,-35.7353,301.84,65,40,4.63
242,Mnogovershinnyy,RU,2022-03-08 20:39:51,53.9353,139.9242,254.95,98,48,1.65
243,Severnyy,RU,2022-03-08 20:39:51,50.677,36.5532,268.17,93,75,3.0
244,Farafangana,MG,2022-03-08 20:39:52,-22.8167,47.8333,297.9,89,23,2.35
245,Dunedin,NZ,2022-03-08 20:39:52,-45.8742,170.5036,288.04,78,99,1.34
246,Adrar,MR,2022-03-08 20:39:53,20.5022,-10.0711,293.93,14,35,4.0
247,Paita,PE,2022-03-08 20:39:53,-5.0892,-81.1144,302.46,67,36,6.88
248,Elizabeth City,US,2022-03-08 20:37:46,36.2946,-76.2511,287.59,53,100,6.69
249,Porto Walter,BR,2022-03-08 20:39:54,-8.2686,-72.7439,302.26,66,53,1.51
250,Terrace Bay,CA,2022-03-08 20:39:54,48.7834,-87.1,271.94,94,100,6.74
251,Vostok,RU,2022-03-08 20:39:54,46.4856,135.8833,259.07,98,70,2.41
252,San Quintin,MX,2022-03-08 20:39:55,30.4833,-115.95,291.04,46,0,4.2
253,Aswan,EG,2022-03-08 20:39:55,24.0934,32.907,299.76,12,0,2.06
254,Concepcion,CL,2022-03-08 20:36:08,-36.827,-73.0498,290.04,67,100,5.66
255,Verkhoyansk,RU,2022-03-08 20:39:56,67.5447,133.385,235.4,100,78,0.47
256,Weligama,LK,2022-03-08 20:39:56,5.9667,80.4167,297.73,90,57,1.97
257,Myitkyina,MM,2022-03-08 20:37:31,25.3833,97.4,291.54,56,0,1.03
258,Oum Hadjer,TD,2022-03-08 20:39:58,13.2954,19.6966,305.97,9,96,4.07
259,Satinka,RU,2022-03-08 20:39:58,52.3792,41.6819,264.16,96,100,2.32
260,Ribeira Grande,PT,2022-03-08 20:39:59,38.5167,-28.7,290.37,82,75,8.75
261,Nyimba,ZM,2022-03-08 20:39:59,-14.5566,30.8149,293.58,97,88,1.9
262,Hearst,CA,2022-03-08 20:39:59,49.6835,-83.6665,275.29,84,100,5.67
263,Mount Isa,AU,2022-03-08 20:40:00,-20.7333,139.5,300.02,36,0,6.69
264,Farias Brito,BR,2022-03-08 20:40:01,-6.9306,-39.5656,303.53,47,100,1.5
265,Luderitz,NA,2022-03-08 20:39:30,-26.6481,15.1594,293.21,79,0,5.89
266,Kruisfontein,ZA,2022-03-08 20:41:02,-34.0033,24.7314,293.09,83,67,4.92
267,Bogandinskiy,RU,2022-03-08 20:41:02,56.8937,65.8938,250.3,100,47,0.9
268,Blackfoot,US,2022-03-08 20:40:15,43.1905,-112.345,276.03,80,100,5.81
269,Shingu,JP,2022-03-08 20:41:03,33.7333,135.9833,275.88,54,15,2.42
270,Miquelon,PM,2022-03-08 20:39:31,47.0975,-56.3814,273.15,78,100,21.99
271,Sitka,US,2022-03-08 20:41:04,57.0531,-135.33,278.09,45,20,2.57
272,Hurghada,EG,2022-03-08 20:37:19,27.2574,33.8129,295.17,60,0,3.09
273,De Aar,ZA,2022-03-08 20:41:04,-30.6497,24.0123,294.95,61,99,1.78
274,Anzio,IT,2022-03-08 20:41:05,41.4853,12.6179,278.71,52,2,5.26
275,Marsa Matruh,EG,2022-03-08 20:41:05,31.3525,27.2453,286.96,86,91,3.19
276,Kastamonu,TR,2022-03-08 20:41:06,41.5,33.6667,272.04,96,100,1.76
277,Quelimane,MZ,2022-03-08 20:41:07,-17.8786,36.8883,300.12,83,40,1.54
278,Saint-Pierre,RE,2022-03-08 20:41:07,-21.3393,55.4781,298.97,82,0,2.06
279,Khani,GE,2022-03-08 20:41:07,41.9563,42.9566,273.91,98,100,0.88
280,Palmer,US,2022-03-08 20:41:08,42.1584,-72.3287,279.74,30,20,6.17
281,Olot,ES,2022-03-08 20:41:08,42.181,2.4901,283.27,65,99,0.45
282,Boende,CD,2022-03-08 20:41:09,-0.2167,20.8667,296.43,86,100,0.86
283,Mezen,RU,2022-03-08 20:41:09,65.8522,44.24,257.18,96,100,2.91
284,Rawson,AR,2022-03-08 20:41:09,-43.3002,-65.1023,299.07,29,50,17.59
285,Ayagoz,KZ,2022-03-08 20:41:10,47.9714,80.4392,259.66,97,57,3.42
286,Sao Gabriel Da Cachoeira,BR,2022-03-08 20:41:10,-0.1303,-67.0892,302.04,79,40,2.06
287,Makubetsu,JP,2022-03-08 20:41:11,45.3714,141.8211,266.69,81,21,3.62
288,Belyy Yar,RU,2022-03-08 20:41:11,53.6039,91.3903,266.09,49,0,10.0
289,Manta,EC,2022-03-08 20:38:56,-0.95,-80.7333,301.07,71,100,5.07
290,Lufilufi,WS,2022-03-08 20:41:12,-13.8745,-171.5986,302.03,78,97,4.9
291,Biala Podlaska,PL,2022-03-08 20:41:13,52.0324,23.1165,272.69,75,100,2.59
292,Aksu,CN,2022-03-08 20:41:14,41.1231,80.2644,282.02,31,98,2.22
293,Tome,CL,2022-03-08 20:41:14,-36.6167,-72.95,289.49,77,21,3.89
294,Santiago,CL,2022-03-08 20:40:39,-33.4569,-70.6483,299.98,32,0,7.72
295,Puri,IN,2022-03-08 20:41:15,19.8,85.85,297.44,71,0,3.99
296,Batagay-Alyta,RU,2022-03-08 20:41:15,67.8006,130.4114,239.47,85,16,2.15
297,Provideniya,RU,2022-03-08 20:37:00,64.3833,-173.3,265.49,72,1,3.2
298,Tezu,IN,2022-03-08 20:41:16,27.9167,96.1667,293.78,27,47,1.89
299,Flinders,AU,2022-03-08 20:36:24,-34.5833,150.8552,293.82,90,100,11.43
300,Oranjemund,NA,2022-03-08 20:41:17,-28.55,16.4333,292.12,85,82,2.3
301,Bengkulu,ID,2022-03-08 20:39:21,-3.8004,102.2655,297.48,85,60,1.71
302,Wakefield,GB,2022-03-08 20:41:17,53.6809,-1.499,283.42,72,98,5.13
303,Acajutla,SV,2022-03-08 20:41:18,13.5928,-89.8275,312.34,61,9,3.57
304,Lima,PE,2022-03-08 20:37:56,-12.0432,-77.0282,299.48,87,0,5.66
305,Nantucket,US,2022-03-08 20:41:19,41.2835,-70.0995,281.27,44,50,6.11
306,Norman Wells,CA,2022-03-08 20:41:19,65.282,-126.8329,260.17,56,75,1.03
307,Zaraza,VE,2022-03-08 20:41:20,9.3503,-65.3245,302.43,52,100,5.1
308,Liverpool,GB,2022-03-08 20:40:05,53.4106,-2.9779,283.53,77,75,8.23
309,Honningsvag,NO,2022-03-08 20:41:20,70.9821,25.9704,275.01,80,40,5.66
310,Saint Anthony,US,2022-03-08 20:41:21,45.0205,-93.218,276.26,69,100,7.2
311,Bereda,ES,2022-03-08 20:42:21,43.2686,-7.5406,282.01,91,43,1.18
312,Esperance,AU,2022-03-08 20:41:28,-33.8667,121.9,288.06,86,99,5.5
313,Antalaha,MG,2022-03-08 20:42:22,-14.9003,50.2788,297.76,92,100,2.38
314,Scottsbluff,US,2022-03-08 20:42:22,41.8666,-103.6672,272.75,59,40,4.63
315,Lazurne,UA,2022-03-08 20:42:22,46.084,32.5295,275.13,64,18,2.65
316,Sibolga,ID,2022-03-08 20:42:23,1.7427,98.7792,297.74,87,100,1.36
317,Kasongo-Lunda,CD,2022-03-08 20:42:23,-6.4667,16.8167,296.54,84,100,1.18
318,Yazman,PK,2022-03-08 20:42:24,29.1212,71.7446,294.79,41,11,4.13
319,Cockburn Town,TC,2022-03-08 20:37:40,21.4612,-71.1419,300.13,65,40,6.17
320,Bulgan,MN,2022-03-08 20:42:24,48.8125,103.5347,271.04,56,0,4.07
321,Northam,GB,2022-03-08 20:42:25,51.0333,-4.2167,282.05,93,10,4.65
322,Buta,CD,2022-03-08 20:42:25,2.7858,24.73,298.77,51,94,0.3
323,Porbandar,IN,2022-03-08 20:40:11,21.6422,69.6093,296.5,67,0,3.77
324,Artyom,AZ,2022-03-08 20:42:26,40.4723,50.333,278.23,86,59,6.84
325,Homestead,US,2022-03-08 20:41:51,25.4687,-80.4776,302.15,70,75,5.14
326,Yuryev-Polskiy,RU,2022-03-08 20:42:26,56.5,39.6833,261.88,96,90,3.28
327,Omsukchan,RU,2022-03-08 20:42:27,62.5333,155.8,253.85,96,100,1.29
328,Portage,US,2022-03-08 20:42:27,41.1667,-81.1998,278.07,53,83,1.34
329,Vagay,RU,2022-03-08 20:42:27,57.9375,69.0217,241.2,100,34,1.34
330,Korsakov,RU,2022-03-08 20:42:28,46.6328,142.7813,255.06,85,16,0.94
331,Shklo,UA,2022-03-08 20:42:28,49.9567,23.5441,271.48,77,100,3.16
332,Burnie,AU,2022-03-08 20:41:24,-41.0667,145.9167,283.84,70,10,4.13
333,Acapulco,MX,2022-03-08 20:42:29,16.8634,-99.8901,302.05,65,0,4.12
334,Ballina,AU,2022-03-08 20:38:21,-28.8667,153.5667,295.94,97,18,2.57
335,Tateyama,JP,2022-03-08 20:42:29,34.9833,139.8667,278.76,70,15,6.17
336,Khatanga,RU,2022-03-08 20:42:30,71.9667,102.5,251.75,82,100,5.73
337,Mogadishu,SO,2022-03-08 20:42:30,2.0371,45.3438,299.1,85,19,7.78
338,Kosa,RU,2022-03-08 20:42:31,59.9445,54.9977,246.97,100,31,0.82
339,Puerto Madryn,AR,2022-03-08 20:38:34,-42.7692,-65.0385,300.94,25,62,16.13
340,Dingle,PH,2022-03-08 20:42:31,10.9995,122.6711,296.98,93,80,3.97
341,Balgazyn,RU,2022-03-08 20:42:32,51.0,95.2,263.42,95,84,1.12
342,Lishu,CN,2022-03-08 20:42:32,43.3047,124.3278,271.78,77,1,1.44
343,Vanimo,PG,2022-03-08 20:42:32,-2.6741,141.3028,297.42,88,100,1.3
344,Ixtapa,MX,2022-03-08 20:42:33,20.7,-105.2,296.72,64,40,7.2
345,Half Moon Bay,US,2022-03-08 20:42:34,37.4636,-122.4286,296.16,29,0,3.09
346,Marystown,CA,2022-03-08 20:42:35,47.1666,-55.1483,274.18,100,98,10.28
347,Passo De Camaragibe,BR,2022-03-08 20:42:35,-9.2368,-35.4901,301.9,86,99,1.7
348,Aykhal,RU,2022-03-08 20:42:36,66.0,111.5,250.55,100,100,2.81
349,Shitanjing,CN,2022-03-08 20:42:36,39.2342,106.3439,281.09,24,100,2.34
350,Mahebourg,MU,2022-03-08 20:42:37,-20.4081,57.7,298.31,88,40,1.03
351,Shihezi,CN,2022-03-08 20:42:37,44.3,86.0333,275.04,86,100,1.53
352,Liwale,TZ,2022-03-08 20:42:38,-9.7667,37.9333,294.11,98,100,0.69
353,Butler,US,2022-03-08 20:39:16,39.4501,-84.5666,280.44,59,75,2.57
354,Karratha,AU,2022-03-08 20:42:38,-20.7377,116.8463,302.88,54,0,1.85
355,Santa Isabel Do Rio Negro,BR,2022-03-08 20:43:39,-0.4139,-65.0192,295.4,99,100,0.48
356,Los Llanos De Aridane,ES,2022-03-08 20:43:39,28.6585,-17.9182,289.01,85,0,3.6
357,Coquimbo,CL,2022-03-08 20:43:39,-29.9533,-71.3436,292.0,72,0,7.2
358,Cidreira,BR,2022-03-08 20:43:40,-30.1811,-50.2056,297.18,74,81,5.23
359,Opunake,NZ,2022-03-08 20:43:40,-39.4556,173.8583,293.49,76,11,2.06
360,Flin Flon,CA,2022-03-08 20:43:41,54.7682,-101.865,259.06,51,20,7.72
361,Yanam,IN,2022-03-08 20:43:41,16.7333,82.2167,294.97,83,2,0.26
362,Aljezur,PT,2022-03-08 20:43:42,37.3191,-8.8033,286.45,86,14,0.84
363,Nouna,BF,2022-03-08 20:43:42,12.7333,-3.8667,302.28,10,28,3.94
364,Abalak,RU,2022-03-08 20:43:42,58.1286,68.5944,240.83,100,48,1.33
365,Zykovo,RU,2022-03-08 20:43:43,55.9519,93.1461,263.56,81,77,5.16
366,Morogoro,TZ,2022-03-08 20:43:43,-6.8167,37.6667,298.25,83,20,0.0
367,Ahuimanu,US,2022-03-08 20:43:44,21.4447,-157.8378,299.99,71,75,4.12
368,Marsh Harbour,BS,2022-03-08 20:43:44,26.5412,-77.0636,297.7,76,0,6.68
369,Hermiston,US,2022-03-08 20:40:56,45.8404,-119.2895,284.06,66,100,4.63
370,Teya,RU,2022-03-08 20:43:45,60.3778,92.6267,254.96,90,100,4.17
371,Ketchikan,US,2022-03-08 20:43:45,55.3422,-131.6461,280.41,36,0,4.12
372,Maues,BR,2022-03-08 20:41:00,-3.3836,-57.7186,300.17,87,61,1.2
373,Chuy,UY,2022-03-08 20:43:45,-33.6971,-53.4616,295.73,54,0,3.72
374,Magadan,RU,2022-03-08 20:43:47,59.5667,150.8,267.89,89,100,9.35
375,Quatre Cocos,MU,2022-03-08 20:43:47,-20.2078,57.7625,298.21,85,97,3.65
376,Tanout,NE,2022-03-08 20:43:48,14.9709,8.8879,301.86,14,8,4.84
377,Sao Filipe,CV,2022-03-08 20:43:48,14.8961,-24.4956,294.9,70,57,4.47
378,Arman,RU,2022-03-08 20:43:49,59.7,150.1667,268.16,93,100,6.51
379,Najran,SA,2022-03-08 20:43:49,17.4924,44.1277,294.51,11,7,0.88
380,Lengshuitan,CN,2022-03-08 20:43:49,26.4111,111.5956,286.53,70,0,1.01
381,Auburn,US,2022-03-08 20:39:53,47.3073,-122.2284,282.16,88,100,2.06
382,Manggar,ID,2022-03-08 20:43:50,-2.8833,108.2667,298.02,87,81,1.88
383,Bignona,SN,2022-03-08 20:43:50,12.8103,-16.2264,305.17,25,89,5.65
384,Mount Pleasant,US,2022-03-08 20:39:29,32.7941,-79.8626,300.23,74,100,3.6
385,Mao,ES,2022-03-08 20:43:51,39.8885,4.2658,283.46,66,0,1.54
386,East Wenatchee Bench,US,2022-03-08 20:43:51,47.4257,-120.2812,280.77,68,100,3.6
387,Nchelenge,ZM,2022-03-08 20:43:52,-9.3451,28.734,294.35,91,100,2.09
388,Gat,IL,2022-03-08 20:42:00,31.61,34.7642,290.04,100,100,2.99
389,Itarema,BR,2022-03-08 20:43:52,-2.9248,-39.9167,299.74,78,62,5.28
390,Talara,PE,2022-03-08 20:43:53,-4.5772,-81.2719,302.57,61,0,6.69
391,Namuac,PH,2022-03-08 20:43:53,18.6109,121.1657,295.08,83,100,6.83
392,Kuytun,RU,2022-03-08 20:43:53,54.3419,101.5036,269.67,87,99,9.12
393,Mitsamiouli,KM,2022-03-08 20:43:54,-11.3847,43.2844,300.92,78,92,3.18
394,Dali,CN,2022-03-08 20:43:54,25.7,100.1833,283.08,87,0,2.34
395,Labuhan,ID,2022-03-08 20:43:54,-6.8844,112.2051,299.87,89,99,3.04
396,Barcelos,PT,2022-03-08 20:43:56,41.5388,-8.6151,284.73,88,100,2.11
397,Micheweni,TZ,2022-03-08 20:43:56,-4.9667,39.8333,299.86,79,83,4.5
398,Fukue,JP,2022-03-08 20:43:57,32.6881,128.8419,285.38,57,4,4.71
399,Mersing,MY,2022-03-08 20:43:57,2.4312,103.8405,299.1,89,44,3.6
400,Copiapo,CL,2022-03-08 20:39:27,-27.3667,-70.3333,294.98,46,0,4.33
401,Khujand,TJ,2022-03-08 20:43:57,40.2853,69.6279,281.75,87,100,2.0
402,Port Blair,IN,2022-03-08 20:44:58,11.6667,92.75,298.17,88,40,1.03
403,Mangrol,IN,2022-03-08 20:44:58,21.1167,70.1167,296.65,70,0,5.25
404,Numan,NG,2022-03-08 20:44:59,9.4667,12.0333,305.88,13,100,1.4
405,Port Said,EG,2022-03-08 20:44:59,31.2565,32.2841,289.14,94,75,7.2
406,Mahon,ES,2022-03-08 20:43:51,39.8885,4.2658,283.46,66,0,1.54
407,Santo Nino,PH,2022-03-08 20:44:59,6.435,124.6975,296.74,95,86,0.48
408,Richards Bay,ZA,2022-03-08 20:45:00,-28.783,32.0377,296.59,83,98,1.72
409,Castro Verde,PT,2022-03-08 20:42:11,37.6983,-8.0858,285.03,90,23,2.91
410,Carlow,IE,2022-03-08 20:45:01,52.8408,-6.9261,281.86,85,73,5.14
411,Biltine,TD,2022-03-08 20:45:01,14.5333,20.9167,304.21,9,65,3.88
412,Ugoofaaru,MV,2022-03-08 20:45:02,5.6667,73.0,300.51,74,18,1.36
413,Bull Savanna,JM,2022-03-08 20:45:02,17.8868,-77.5902,298.91,71,31,6.67
414,Murgab,TM,2022-03-08 20:45:03,37.4966,61.9714,281.08,93,100,2.06
415,Auki,SB,2022-03-08 20:41:21,-8.7676,160.7034,299.45,85,100,2.34
416,Pietersburg,ZA,2022-03-08 20:40:48,-23.9045,29.4688,292.62,68,47,1.03
417,Kuching,MY,2022-03-08 20:45:04,1.55,110.3333,297.16,100,40,0.89
418,Seddon,AU,2022-03-08 20:45:05,-37.8068,144.8916,289.24,83,20,7.2
419,Sorland,NO,2022-03-08 20:45:05,67.667,12.6934,275.19,88,74,8.73
420,Frontera,MX,2022-03-08 20:45:06,26.9333,-101.45,290.01,55,0,3.6
421,Tubuala,PA,2022-03-08 20:45:06,9.5167,-79.0333,304.21,73,10,4.73
422,Sirajganj,BD,2022-03-08 20:45:07,24.45,89.7167,295.77,47,1,3.11
423,Mountain View,US,2022-03-08 20:42:06,37.3861,-122.0838,296.11,27,0,4.12
424,Marzuq,YE,2022-03-08 20:45:07,14.4,46.4667,291.63,34,16,2.68
425,Faya,SA,2022-03-08 20:45:08,18.3851,42.4509,290.21,59,9,0.8
426,Methoni,GR,2022-03-08 20:45:09,36.8197,21.7049,282.71,68,36,6.14
427,Karlovo,BG,2022-03-08 20:45:10,42.6333,24.8,272.82,80,97,1.39
428,Letterkenny,IE,2022-03-08 20:45:10,54.95,-7.7333,280.09,83,38,6.89
429,Mangit,UZ,2022-03-08 20:45:11,40.5971,70.9607,281.75,83,100,1.45
430,Aguimes,ES,2022-03-08 20:45:11,27.9054,-15.4461,289.5,68,40,6.71
431,Chingirlau,KZ,2022-03-08 20:45:12,51.095,54.0814,266.43,92,100,2.93
432,Port Hueneme,US,2022-03-08 20:45:12,34.1478,-119.1951,298.32,26,0,6.17
433,Akdepe,TM,2022-03-08 20:45:13,42.0551,59.3788,279.2,36,100,3.39
434,Daitari,IN,2022-03-08 20:45:13,21.1,85.75,292.57,62,0,1.2
435,Newport,GB,2022-03-08 20:45:13,51.5877,-2.9984,282.94,85,92,1.79
436,Missoula,US,2022-03-08 20:45:14,47.0166,-113.8009,266.39,72,100,2.54
437,Laibin,CN,2022-03-08 20:45:14,23.7,109.2667,288.68,70,0,1.62
438,Gouyave,GD,2022-03-08 20:45:15,12.1646,-61.7296,301.58,61,75,6.17
439,North Adams,US,2022-03-08 20:45:15,42.7009,-73.1087,278.1,37,0,6.17
440,Atasu,KZ,2022-03-08 20:41:18,48.6814,71.6433,257.16,94,55,3.25
441,Coahuayana,MX,2022-03-08 20:45:16,18.7333,-103.6833,305.86,44,3,3.55
442,Souillac,MU,2022-03-08 20:45:16,-20.5167,57.5167,298.36,88,40,1.03
443,The Valley,AI,2022-03-08 20:45:17,18.217,-63.0578,300.07,88,75,6.69
444,Pangoa,PE,2022-03-08 20:45:17,-12.1167,-73.0,297.39,92,85,1.1
445,Namwala,ZM,2022-03-08 20:45:17,-15.7504,26.4384,292.63,97,79,1.23
446,Palauig,PH,2022-03-08 20:45:18,15.435,119.9045,297.61,79,100,1.92
447,Pimampiro,EC,2022-03-08 20:45:18,0.4,-77.9667,294.5,74,100,3.17
448,Nome,US,2022-03-08 20:41:14,64.5011,-165.4064,270.19,80,75,2.57
449,Bintulu,MY,2022-03-08 20:46:19,3.1667,113.0333,297.38,94,20,0.0
450,Hamilton,US,2022-03-08 20:46:19,39.1834,-84.5333,281.26,58,100,1.79
451,Korla,CN,2022-03-08 20:46:20,41.7597,86.1469,282.02,31,85,7.07
452,Ostrovnoy,RU,2022-03-08 20:46:20,68.0531,39.5131,266.94,92,100,5.25
453,Garowe,SO,2022-03-08 20:44:08,8.4054,48.4845,293.59,76,54,5.44
454,Nkoteng,CM,2022-03-08 20:46:21,4.5167,12.0333,297.66,75,51,2.22
455,Maumere,ID,2022-03-08 20:46:21,-8.6199,122.2111,299.08,82,100,1.47
456,Am Timan,TD,2022-03-08 20:46:21,11.0297,20.2827,305.26,11,100,2.61
457,Olga,RU,2022-03-08 20:46:22,43.7444,135.2892,268.49,76,4,2.19
458,Qaqortoq,GL,2022-03-08 20:44:18,60.7167,-46.0333,261.43,77,2,2.83
459,Santa Isabel,BR,2022-03-08 20:46:22,-23.3156,-46.2214,302.99,86,70,2.29
460,Dinguiraye,GN,2022-03-08 20:46:23,11.3,-10.7167,302.36,17,25,0.62
461,Boguchany,RU,2022-03-08 20:46:23,58.3814,97.4531,262.26,85,97,5.53
462,Bambous Virieux,MU,2022-03-08 20:46:23,-20.3428,57.7575,298.29,88,40,1.03
463,Newton,US,2022-03-08 20:46:24,42.337,-71.2092,280.43,31,0,7.72
464,Mindelo,CV,2022-03-08 20:46:24,16.8901,-24.9804,293.9,60,75,12.35
465,Saint Simons,US,2022-03-08 20:46:25,31.1352,-81.3901,300.3,69,0,6.17
466,Walvis Bay,NA,2022-03-08 20:46:25,-22.9575,14.5053,290.68,88,43,2.06
467,Makakilo City,US,2022-03-08 20:46:25,21.3469,-158.0858,299.33,59,20,4.12
468,Yairipok,IN,2022-03-08 20:46:26,24.6667,94.0667,288.02,60,0,0.44
469,Soyo,AO,2022-03-08 20:46:26,-6.1349,12.3689,300.12,77,98,4.18
470,Lensk,RU,2022-03-08 20:46:27,60.7253,114.9278,259.47,96,100,1.9
471,Bahia De Caraquez,EC,2022-03-08 20:46:27,-0.6,-80.4167,300.5,77,100,4.49
472,Kibungo,RW,2022-03-08 20:46:28,-2.1597,30.5427,294.66,84,100,1.07
473,Guataqui,CO,2022-03-08 20:46:28,4.5157,-74.7894,303.77,54,67,3.29
474,Socorro,US,2022-03-08 20:46:28,31.6546,-106.3033,288.81,19,0,2.06
475,Praia Da Vitoria,PT,2022-03-08 20:44:20,38.7333,-27.0667,289.29,88,20,6.4
476,Bandarbeyla,SO,2022-03-08 20:46:29,9.4942,50.8122,297.75,67,19,4.45
477,Krasnogvardeyskiy,RU,2022-03-08 20:46:29,57.3793,62.3195,249.17,100,66,1.15
478,Verkhnyaya Inta,RU,2022-03-08 20:46:30,65.9811,60.3094,243.03,97,80,2.22
479,Mago,RU,2022-03-08 20:46:30,53.2514,140.1822,252.87,100,99,0.37
480,Raga,SS,2022-03-08 20:46:30,8.4596,25.678,302.93,16,82,0.75
481,Ozuluama,MX,2022-03-08 20:46:31,21.6667,-97.85,298.74,59,40,4.72
482,Beatrice,US,2022-03-08 20:46:31,40.2681,-96.747,284.12,25,40,4.63
483,Seoul,KR,2022-03-08 20:46:00,37.5683,126.9778,276.84,93,75,1.54
484,Palestina,PS,2022-03-08 20:43:46,31.9216,35.2033,285.34,68,100,0.79
485,Qasigiannguit,GL,2022-03-08 20:46:32,68.8193,-51.1922,260.29,79,64,2.38
486,Tres Passos,BR,2022-03-08 20:43:29,-27.4556,-53.9319,294.15,94,92,1.85
487,Powell,US,2022-03-08 20:46:32,40.1578,-83.0752,279.83,56,100,2.57
488,Beboto,TD,2022-03-08 20:46:33,8.2668,16.939,303.68,23,100,1.5
489,Opuwo,NA,2022-03-08 20:46:33,-18.0607,13.84,295.77,48,60,2.55
490,Lalmohan,BD,2022-03-08 20:46:34,22.3384,90.7419,296.52,67,0,2.41
491,Joita,RO,2022-03-08 20:42:48,44.4942,25.8539,274.3,86,0,1.54
492,Sangar,RU,2022-03-08 20:46:34,63.9242,127.4739,246.74,100,100,1.67
493,Nizwa,OM,2022-03-08 20:46:35,22.9333,57.5333,295.04,45,3,1.32
494,Khoy,IR,2022-03-08 20:46:35,38.5504,44.9535,279.92,53,95,1.77
495,Vicosa,BR,2022-03-08 20:47:36,-20.7539,-42.8819,295.49,79,54,1.43
496,La Tuque,CA,2022-03-08 20:47:36,47.4334,-72.7824,266.29,58,100,4.12
497,Road Town,VG,2022-03-08 20:47:36,18.4167,-64.6167,300.2,74,40,7.2
498,Katy,US,2022-03-08 20:47:37,29.7858,-95.8244,281.92,92,100,6.17
499,Lata,PT,2022-03-08 20:47:37,40.1629,-8.3327,285.82,96,79,1.8
500,Havelock,US,2022-03-08 20:47:37,34.8791,-76.9013,291.51,66,20,8.23
501,Ribeira Brava,PT,2022-03-08 20:47:38,32.65,-17.0667,290.4,75,100,0.66
502,Jutai,BR,2022-03-08 20:47:38,-5.1833,-68.9,301.0,74,96,1.26
503,Mariveles,PH,2022-03-08 20:47:39,14.4833,120.4833,297.09,78,75,4.93
504,Belmonte,BR,2022-03-08 20:47:40,-15.8631,-38.8828,300.43,75,18,4.3
505,Mulki,IN,2022-03-08 20:47:40,13.1,74.8,300.75,78,20,0.0
506,Bud,US,2022-03-08 20:47:40,39.447,-86.1758,278.53,69,45,0.16
507,The Pas,CA,2022-03-08 20:45:10,53.8251,-101.2541,260.16,61,0,6.69
508,Grindavik,IS,2022-03-08 20:47:41,63.8424,-22.4338,278.41,81,75,10.29
509,Evanston,US,2022-03-08 20:46:18,42.0411,-87.6901,278.41,51,20,5.66
510,Vangaindrano,MG,2022-03-08 20:47:42,-23.35,47.6,297.48,90,37,1.28
511,Gedo,ET,2022-03-08 20:47:42,9.0167,37.45,289.21,33,60,2.23
512,Kirakira,SB,2022-03-08 20:47:42,-10.4544,161.9205,300.91,80,100,1.75
513,Fairbanks,US,2022-03-08 20:45:25,64.8378,-147.7164,269.38,64,0,0.0
514,Cananea,MX,2022-03-08 20:47:12,30.95,-110.3,286.36,14,0,1.61
515,Mareeba,AU,2022-03-08 20:47:43,-17.0,145.4333,297.84,90,33,0.42
516,Shatalovo,RU,2022-03-08 20:47:43,54.334,32.4465,261.69,96,19,2.86
517,Hirschaid,DE,2022-03-08 20:47:44,49.8194,10.9908,275.86,69,14,1.63
518,Khorixas,NA,2022-03-08 20:47:44,-20.3667,14.9667,297.91,41,4,3.68
519,Riachao Das Neves,BR,2022-03-08 20:47:45,-11.7461,-44.91,298.72,71,93,1.3
520,Necochea,AR,2022-03-08 20:46:35,-38.5473,-58.7368,300.39,39,1,4.6
521,Borogontsy,RU,2022-03-08 20:47:45,62.6683,131.1683,249.48,100,100,0.94
522,Ishigaki,JP,2022-03-08 20:47:46,24.3448,124.1572,292.93,53,85,4.82
523,Berlevag,NO,2022-03-08 20:47:46,70.8578,29.0864,275.15,80,75,8.23
524,North Bend,US,2022-03-08 20:47:47,43.4065,-124.2243,285.9,89,20,3.6
525,Vilsbiburg,DE,2022-03-08 20:47:47,48.45,12.35,273.89,67,22,2.73
526,Mugur-Aksy,RU,2022-03-08 20:47:47,50.35,90.5,255.88,89,43,2.95
527,Tomatlan,MX,2022-03-08 20:47:46,19.9333,-105.25,303.49,33,34,4.62
528,Galveston,US,2022-03-08 20:44:54,29.3669,-94.9669,283.17,91,100,1.79
529,Ferme-Neuve,CA,2022-03-08 20:47:48,46.7001,-75.4493,269.03,78,100,3.38
530,Nosy Varika,MG,2022-03-08 20:47:49,-20.5833,48.5333,298.62,85,100,1.29
531,Markova,UA,2022-03-08 20:47:49,48.6758,24.4138,269.34,91,100,2.74
532,Krasnoselkup,RU,2022-03-08 20:47:49,65.7,82.4667,240.83,97,88,5.09
533,Znamenka,RU,2022-03-08 20:47:50,52.4167,41.4311,263.95,97,100,2.15
534,Ossora,RU,2022-03-08 20:47:50,59.2353,163.0719,273.2,85,100,6.54
535,Ocos,GT,2022-03-08 20:44:15,14.5094,-92.1933,307.43,59,0,5.5
536,Sao Gabriel,BR,2022-03-08 20:45:45,-30.3364,-54.32,301.99,47,57,2.71
